# Historical planning weights only; canonical membership remains suites.tsv.
# Median VERIFY_TIMING seconds from successful FULL runs 35022305566, 35017913916, 34981392888.
tests/AssignmentOrderComposition/confirmed_original_opening_001_test.php	7.648
tests/AssignmentOrderComposition/confirmed_original_opening_http_001_test.php	2.748
tests/AssignmentOrderComposition/generated_template_passive_pdf_manual_pilot_test.php	0.609
tests/AssignmentOrderComposition/installer_search_http_manual_pilot_test.php	1.866
tests/AssignmentOrderComposition/local_navigation_permissions_manual_test.php	1.465
tests/AssignmentOrderComposition/manual_checklist_http_smoke_test.php	3.667
tests/AssignmentOrderComposition/manual_execution_http_smoke_test.php	3.204
tests/AssignmentOrderComposition/original_application_reference_001_test.php	17.976
tests/AssignmentOrderComposition/original_application_reference_issuer_001_test.php	4.603
tests/AssignmentOrderComposition/original_history_download_001_test.php	24.213
tests/AssignmentOrderComposition/original_ready_queue_manual_test.php	2.943
tests/AssignmentOrderComposition/original_upload_http_admission_001_test.php	2.464
tests/AssignmentOrderComposition/original_upload_http_bounds_001_test.php	4.824
tests/AssignmentOrderComposition/original_upload_http_flow_001_test.php	2.498
tests/AssignmentOrderComposition/original_upload_http_permissions_001_test.php	13.301
tests/AssignmentOrderComposition/original_upload_http_prefill_001_test.php	2.126
tests/AssignmentOrderComposition/selection_http_admission_001_test.php	4.255
tests/AssignmentOrderComposition/selection_http_failures_001_test.php	3.852
tests/AssignmentOrderComposition/selection_http_flow_001_test.php	4.934
tests/AssignmentOrderComposition/selection_native_accepted_001_test.php	4.085
tests/AssignmentOrderComposition/selection_native_authority_001_test.php	4.642
tests/AssignmentOrderComposition/selection_native_concurrency_001_test.php	7.676
tests/AssignmentOrderComposition/selection_native_denial_audit_001_test.php	4.015
tests/AssignmentOrderComposition/selection_native_interruption_001_test.php	2.453
tests/AssignmentOrderComposition/selection_native_outcomes_001_test.php	13.209
tests/AssignmentOrderComposition/selection_native_readiness_001_test.php	8.298
tests/AssignmentOrderComposition/selection_native_tracer_001_test.php	3.743
tests/AssignmentOrderComposition/selection_native_transaction_001_test.php	4.504
tests/AssignmentOrderComposition/selection_picker_view_manual_test.php	0.539
tests/AssignmentOrderComposition/selection_unknown_employment_manual_pilot_test.php	1.832
tests/AssignmentOrderComposition/template_generation_001_test.php	3.111
tests/AssignmentOrderComposition/template_generation_boundaries_001_test.php	23.415
tests/InstallationProcess/artifact_store_001_test.php	0.864
tests/InstallationProcess/assignment_order_identity_registry_001_test.php	0.979
tests/InstallationProcess/assignment_order_identity_registry_concurrency_001_test.php	6.127
tests/InstallationProcess/assignment_order_identity_registry_recovery_001_test.php	2.445
tests/InstallationProcess/assignment_order_identity_registry_schema_001_test.php	3.177
tests/InstallationProcess/assignment_order_original_attempt_audit_mariadb_001_test.php	7.505
tests/InstallationProcess/assignment_order_original_attempt_audit_schema_001_test.php	14.595
tests/InstallationProcess/assignment_order_original_audit_schema_literal_001_test.php	1.984
tests/InstallationProcess/assignment_order_original_capability_migration_001_test.php	3.228
tests/InstallationProcess/assignment_order_original_data_mariadb_composition_001_test.php	0.781
tests/InstallationProcess/assignment_order_original_data_mariadb_fresh_001_test.php	3.076
tests/InstallationProcess/assignment_order_original_data_mariadb_reads_001_test.php	1.900
tests/InstallationProcess/assignment_order_original_data_mariadb_writes_001_test.php	1.110
tests/InstallationProcess/assignment_order_original_data_worker_001_test.php	4.404
tests/InstallationProcess/assignment_order_original_database_setup_001_test.php	12.049
tests/InstallationProcess/assignment_order_original_evidence_lifecycle_001_test.php	3.292
tests/InstallationProcess/assignment_order_original_evidence_reader_001_test.php	0.682
tests/InstallationProcess/assignment_order_original_gate5_mariadb_red_001_test.php	0.563
tests/InstallationProcess/assignment_order_original_lease_race_001_test.php	0.752
tests/InstallationProcess/assignment_order_original_maintenance_001_test.php	0.720
tests/InstallationProcess/assignment_order_original_maintenance_repository_001_test.php	1.509
tests/InstallationProcess/assignment_order_original_maintenance_storage_001_test.php	1.950
tests/InstallationProcess/assignment_order_original_orphan_fixture_001_test.php	2.982
tests/InstallationProcess/assignment_order_original_private_bytes_restart_001_test.php	0.629
tests/InstallationProcess/assignment_order_original_production_boundary_001_test.php	0.944
tests/InstallationProcess/assignment_order_original_safe_log_owner_001_test.php	0.562
tests/InstallationProcess/assignment_order_original_schema_v2_001_test.php	2.718
tests/InstallationProcess/assignment_order_original_tcp_only_001_test.php	1.125
tests/InstallationProcess/assignment_order_original_worker_boundary_001_test.php	12.262
tests/InstallationProcess/assignment_order_original_worker_ports_001_test.php	0.852
tests/InstallationProcess/assignment_order_original_worker_post_finalize_negative_001_test.php	0.737
tests/InstallationProcess/assignment_order_original_worker_protocol_001_test.php	1.187
tests/InstallationProcess/assignment_order_original_worker_transport_001_test.php	8.677
tests/InstallationProcess/assignment_order_registered_composition_reader_001_test.php	8.979
tests/InstallationProcess/assignment_order_selection_schema_001_test.php	1.346
tests/InstallationProcess/assignment_order_selection_schema_concurrency_001_test.php	8.707
tests/InstallationProcess/assignment_order_selection_schema_data_001_test.php	14.260
tests/InstallationProcess/assignment_order_selection_schema_lifecycle_001_test.php	5.405
tests/InstallationProcess/assignment_order_unknown_employment_schema_collation_001_test.php	1.877
tests/InstallationProcess/bitrix_order_document_links_application_001_test.php	1.368
tests/InstallationProcess/bitrix_order_document_links_read_001_test.php	1.343
tests/InstallationProcess/bitrix_order_document_links_schema_001_test.php	1.369
tests/InstallationProcess/bitrix_workforce_delivery_001_test.php	37.491
tests/InstallationProcess/bitrix_workforce_schema_001_test.php	1.516
tests/InstallationProcess/checklist_bulk_online_sequence_manual_test.php	0.871
tests/InstallationProcess/checklist_template_schema_001_test.php	1.759
tests/InstallationProcess/classification_provenance_schema_001_test.php	9.075
tests/InstallationProcess/construction_control_completed_filter_001_test.php	2.592
tests/InstallationProcess/control_engineer_assignment_001_test.php	5.372
tests/InstallationProcess/control_queue_bulk_protocol_manual_test.php	0.656
tests/InstallationProcess/deadline_transfer_certificate_001_test.php	4.880
tests/InstallationProcess/deadline_transfer_certificate_schema_001_test.php	8.960
tests/InstallationProcess/harness_artifact_isolation_001_test.php	0.635
tests/InstallationProcess/identity_access_runtime_ddl_001_test.php	1.492
tests/InstallationProcess/identity_access_schema_001_test.php	13.936
tests/InstallationProcess/inspection_evidence_schema_001_test.php	5.185
tests/InstallationProcess/inspection_item_complete_001_endpoint_admission_test.php	1.861
tests/InstallationProcess/inspection_item_complete_001_mariadb_test.php	2.940
tests/InstallationProcess/inspection_item_complete_001_schema_drift_test.php	1.278
tests/InstallationProcess/inspection_item_complete_001_ui_client_test.php	2.035
tests/InstallationProcess/inspection_photo_content_index_schema_001_test.php	2.108
tests/InstallationProcess/inspection_planning_runtime_ddl_001_test.php	5.191
tests/InstallationProcess/inspection_planning_schema_001_test.php	7.351
tests/InstallationProcess/installation_completion_manual_pilot_test.php	0.720
tests/InstallationProcess/installation_completion_multi_prefix_001_test.php	0.882
tests/InstallationProcess/installation_completion_runtime_ddl_001_test.php	7.065
tests/InstallationProcess/installation_completion_schema_001_test.php	6.857
tests/InstallationProcess/invitation_reissue_http_001_test.php	1.913
tests/InstallationProcess/legacy_object_snapshot_001_test.php	0.588
tests/InstallationProcess/manual_original_execution_smoke_test.php	1.676
tests/InstallationProcess/migration_process_001_test.php	1.256
tests/InstallationProcess/object_card_actor_name_001_test.php	1.639
tests/InstallationProcess/object_detail_snapshot_schema_001_test.php	2.632
tests/InstallationProcess/object_detail_snapshot_schema_concurrency_001_test.php	0.770
tests/InstallationProcess/object_detail_snapshot_schema_ddl_denial_001_test.php	0.589
tests/InstallationProcess/object_detail_snapshot_schema_lock_001_test.php	5.583
tests/InstallationProcess/object_detail_snapshot_schema_native_false_001_test.php	0.558
tests/InstallationProcess/object_detail_snapshot_schema_observer_001_test.php	0.630
tests/InstallationProcess/otiz_current_progress_001_test.php	0.572
tests/InstallationProcess/otiz_settlement_schema_001_test.php	4.303
tests/InstallationProcess/persistence_open_001_test.php	0.592
tests/InstallationProcess/persistence_prepare_001_test.php	0.572
tests/InstallationProcess/persistence_registration_001_test.php	0.594
tests/InstallationProcess/pilot_calendar_shlz_asset_001_test.php	2.466
tests/InstallationProcess/pilot_case_import_001_test.php	18.022
tests/InstallationProcess/pilot_jobs_startup_001_test.php	1.211
tests/InstallationProcess/pilot_local_trusted_scheme_001_test.php	2.472
tests/InstallationProcess/pilot_prepare_form_001_test.php	10.173
tests/InstallationProcess/pilot_route_csp_completion_final_html_001_test.php	0.674
tests/InstallationProcess/pilot_route_csp_completion_flow_001_test.php	0.592
tests/InstallationProcess/pilot_session_shared_auth_command_001_test.php	0.561
tests/InstallationProcess/pilot_session_storage_accepted_payload_http_001_test.php	0.708
tests/InstallationProcess/pilot_session_storage_collisions_001_test.php	0.563
tests/InstallationProcess/pilot_session_storage_concurrency_gc_001_test.php	1.264
tests/InstallationProcess/pilot_session_storage_crash_001_test.php	0.626
tests/InstallationProcess/pilot_session_storage_crash_regions_001_test.php	0.829
tests/InstallationProcess/pilot_session_storage_faults_001_test.php	0.574
tests/InstallationProcess/pilot_session_storage_filesystem_001_test.php	0.563
tests/InstallationProcess/pilot_session_storage_gc_order_001_test.php	0.575
tests/InstallationProcess/pilot_session_storage_inspector_001_test.php	1.072
tests/InstallationProcess/pilot_session_storage_inspector_cli_application_001_test.php	0.553
tests/InstallationProcess/pilot_session_storage_lifecycle_faults_001_test.php	0.577
tests/InstallationProcess/pilot_session_storage_local_auth_faults_001_test.php	1.183
tests/InstallationProcess/pilot_session_storage_local_auth_return_to_001_test.php	0.667
tests/InstallationProcess/pilot_session_storage_lock_clock_001_test.php	0.562
tests/InstallationProcess/pilot_session_storage_malformed_payload_http_001_test.php	0.701
tests/InstallationProcess/pilot_session_storage_payload_handoff_001_test.php	0.566
tests/InstallationProcess/pilot_session_storage_reference_payload_http_001_test.php	0.694
tests/InstallationProcess/pilot_session_storage_sequential_write_identity_001_test.php	0.568
tests/InstallationProcess/pilot_session_storage_user_access_fault_001_test.php	1.035
tests/InstallationProcess/pilot_session_storage_user_access_tokens_001_test.php	1.033
tests/InstallationProcess/pilot_session_storage_validation_001_test.php	0.583
tests/InstallationProcess/pilot_snapshot_import_manual_test.php	0.602
tests/InstallationProcess/process_command_authorization_001_test.php	0.850
tests/InstallationProcess/process_user_directory_001_test.php	0.768
tests/InstallationProcess/production_composition_001_test.php	0.724
tests/InstallationProcess/production_migration_runner_001_test.php	16.669
tests/InstallationProcess/production_pdf_assignment_order_renderer_test.php	0.758
tests/InstallationProcess/selected_original_binding_001_test.php	2.624
tests/InstallationProcess/selected_original_lifecycle_001_test.php	8.531
tests/InstallationProcess/selection_canonical_registration_001_test.php	10.596
tests/InstallationProcess/workforce_canonical_runner_001_test.php	4.259
tests/InstallationProcess/workforce_catalog_001_test.php	0.631
tests/InstallationProcess/workforce_synchronization_manual_pilot_test.php	0.614
tests/InstallationProcess/workforce_worker_cli_manual_pilot_test.php	0.635
tests/Jobs/acceptance_outbox_worker_handler_001_test.php	0.698
tests/Jobs/bitrix_order_document_links_scheduler_001_test.php	0.595
tests/Jobs/durable_queue_001_test.php	0.681
tests/Jobs/durable_queue_concurrency_001_test.php	0.750
tests/Jobs/durable_queue_connection_loss_001_test.php	0.676
tests/Jobs/jobs_extensions_schema_001_test.php	0.690
tests/Jobs/jobs_runtime_cli_001_test.php	1.260
tests/Jobs/jobs_runtime_contract_001_test.php	0.737
tests/Jobs/jobs_runtime_handler_validation_001_test.php	0.952
tests/Jobs/jobs_runtime_workforce_cli_001_test.php	1.173
tests/Jobs/jobs_runtime_workforce_retry_cli_001_test.php	1.336
tests/Jobs/jobs_schema_001_test.php	2.142
tests/Jobs/jobs_schema_check_literals_001_test.php	0.642
tests/Jobs/legacy_workforce_once_delegation_001_test.php	0.575
tests/Jobs/operator_health_001_test.php	0.786
tests/Jobs/outbox_delivery_lifecycle_001_test.php	0.680
tests/Jobs/transactional_outbox_001_test.php	0.616
tests/Jobs/worker_grace_expiry_001_test.php	1.704
tests/Jobs/worker_lease_loss_process_001_test.php	0.754
tests/Jobs/worker_protocol_001_test.php	2.197
tests/Jobs/worker_signal_runtime_001_test.php	0.916
tests/Jobs/worker_stale_settlement_001_test.php	0.648
tests/Jobs/workforce_job_handler_001_test.php	0.618
tests/Jobs/workforce_job_idempotency_001_test.php	0.614
tests/Jobs/workforce_scheduler_001_test.php	0.690
tests/Jobs/workforce_scheduler_concurrency_001_test.php	0.757
tests/Otiz/excel_inputs_001_test.php	7.255
tests/Otiz/excel_publication_001_test.php	4.676
tests/Otiz/object_register_paging_001_test.php	2.426
tests/Otiz/object_register_paging_http_001_test.php	2.549
tests/Otiz/runtime_schema_001_test.php	2.272
tests/Otiz/settlement_concurrency_001_test.php	1.699
tests/Otiz/settlement_owner_001_test.php	1.276
tests/Otiz/snapshot_publication_001_test.php	1.224
tests/Otiz/snapshot_publication_http_001_test.php	1.822
tests/Runtime/deadline_transfer_certificate_recovery_001_test.php	35.278
tests/Runtime/initial_owner_provisioning_001_test.php	8.013
tests/Runtime/migration_concurrency_lock_001_test.php	0.588
tests/Runtime/migration_parallel_runners_001_test.php	0.726
tests/Runtime/production_process_readiness_001_test.php	3.963
tests/Runtime/production_readiness_schema_001_test.php	3.961
tests/Runtime/production_schema_frontier_001_test.php	2.048
tests/Runtime/production_schema_preflight_001_test.php	0.616
tests/Runtime/runtime_dml_privilege_probe_001_test.php	0.590
tests/Runtime/runtime_jobs_recovery_001_test.php	34.197
tests/Runtime/runtime_recovery_001_test.php	26.093
tests/Runtime/runtime_recovery_forward_update_001_test.php	36.117
tests/Runtime/runtime_storage_001_test.php	2.121
tests/Runtime/session_contention_001_test.php	0.914
tests/Runtime/yii2_otiz_runtime_boundary_001_test.php	1.498
tests/Runtime/yii2_production_web_cutover_001_test.php	4.098
tests/Runtime/yii2_production_web_cutover_authenticated_frontier_001_test.php	2.027
tests/Runtime/yii2_readiness_001_test.php	3.975
tests/Runtime/yii2_runtime_001_test.py	1.108
tests/Verification/batched_schema_snapshot_001_test.php	0.643
tests/Verification/characterize_inspection_photo_limit_concurrency_001_test.php	1.767
tests/Verification/characterize_inspection_photo_rejections_001_test.php	1.214
tests/Verification/characterize_inspection_photo_revoke_001_test.php	1.481
tests/Verification/characterize_inspection_photo_upload_001_test.php	1.443
tests/Verification/characterize_inspection_schedule_duplicate_001_test.php	4.274
tests/Verification/characterize_object_detail_import_001_test.php	14.269
tests/Verification/pilot_healthcheck_cookie_failure_001_test.py	1.183
tests/Verification/pilot_healthcheck_session_001_test.py	7.118
tests/Verification/quality_graph_ci_setup_001_test.php	82.308
tests/Yii2/deadline_transfer_certificate_http_001_test.php	5.092
tests/Yii2/yii2_authentication_001_test.php	3.049
tests/Yii2/yii2_bitrix_order_document_links_001_test.php	3.769
tests/Yii2/yii2_canonical_migrations_001_test.php	1.969
tests/Yii2/yii2_canonical_migrations_alias_001_test.php	2.716
tests/Yii2/yii2_canonical_migrations_concurrency_001_test.php	1.351
tests/Yii2/yii2_canonical_migrations_db_001_test.php	17.171
tests/Yii2/yii2_case_import_db_001_test.php	35.836
tests/Yii2/yii2_construction_control_active_queue_001_test.php	5.972
tests/Yii2/yii2_construction_control_preopening_001_test.php	4.830
tests/Yii2/yii2_control_engineer_assignment_001_test.php	8.529
tests/Yii2/yii2_documentary_concurrency_001_test.php	11.996
tests/Yii2/yii2_documentary_http_001_test.php	14.198
tests/Yii2/yii2_feedback_001_test.php	3.452
tests/Yii2/yii2_imports_workforce_001_test.php	2.751
tests/Yii2/yii2_inspection_boundaries_001_test.php	7.169
tests/Yii2/yii2_inspection_concurrency_001_test.php	5.000
tests/Yii2/yii2_inspection_journey_001_test.php	9.315
tests/Yii2/yii2_inspection_planning_001_test.php	3.039
tests/Yii2/yii2_inspection_planning_concurrency_001_test.php	1.869
tests/Yii2/yii2_installer_directory_http_001_test.php	5.240
tests/Yii2/yii2_installer_directory_native_assignments_001_test.php	5.435
tests/Yii2/yii2_jobs_console_db_001_test.php	1.254
tests/Yii2/yii2_legacy_import_db_001_test.php	1.586
tests/Yii2/yii2_local_runtime_provisioning_001_test.php	0.801
tests/Yii2/yii2_main_navigation_001_test.php	2.874
tests/Yii2/yii2_object_card_001_test.php	5.196
tests/Yii2/yii2_object_queue_001_test.php	6.616
tests/Yii2/yii2_object_queue_lineage_001_test.php	5.988
tests/Yii2/yii2_original_transport_001_test.php	19.030
tests/Yii2/yii2_otiz_commands_001_test.php	1.834
tests/Yii2/yii2_otiz_concurrency_001_test.php	1.819
tests/Yii2/yii2_otiz_decisions_001_test.php	1.823
tests/Yii2/yii2_otiz_evidence_reads_001_test.php	1.738
tests/Yii2/yii2_otiz_guest_return_001_test.php	1.734
tests/Yii2/yii2_otiz_settlement_001_test.php	1.822
tests/Yii2/yii2_otiz_workflow_001_test.php	1.582
tests/Yii2/yii2_preopening_authorization_001_test.php	8.038
tests/Yii2/yii2_preopening_concurrency_001_test.php	4.686
tests/Yii2/yii2_preopening_failures_001_test.php	6.258
tests/Yii2/yii2_preopening_http_001_test.php	12.025
tests/Yii2/yii2_preopening_lineage_001_test.php	17.324
tests/Yii2/yii2_preopening_routes_001_test.php	7.067
tests/Yii2/yii2_preopening_uncertain_commit_001_test.php	5.952
tests/Yii2/yii2_queue_readiness_001_test.php	6.914
tests/Yii2/yii2_selection_input_001_test.php	7.089
tests/Yii2/yii2_session_failure_001_test.php	2.364
tests/Yii2/yii2_user_access_001_test.php	2.992
tests/Yii2/yii2_user_access_concurrency_001_test.php	2.410
tests/Yii2/yii2_user_access_edges_001_test.php	3.335
tests/Yii2/yii2_workforce_sync_console_001_test.php	3.338
tests/Yii2/yii2_workforce_sync_db_001_test.php	1.201
